cell_type,names,scores,logfoldchanges,pvals,pvals_adj,pct_nz_group,pct_nz_reference
B cells,CD79A,58.48443,12.190029,0.0,0.0,0.8372811534500515,0.03902819096189262
B cells,CTA-250D10.23,49.356403,7.622808,0.0,0.0,0.7167868177136972,0.043207253152004535
B cells,MS4A1,48.85512,12.692248,0.0,0.0,0.6956745623069001,0.02847428814279643
B cells,IGHM,47.02378,12.085547,0.0,0.0,0.6817713697219362,0.057231902535769937
B cells,IGKC,46.117847,12.87119,0.0,0.0,0.6812564366632338,0.0863436747414648
B cells,BCL11A,45.602833,9.015378,0.0,0.0,0.685890834191555,0.061694290976058934
B cells,CD19,45.415443,13.001192,0.0,0.0,0.6385169927909372,0.0070123246918827025
B cells,BANK1,44.66148,10.921948,0.0,0.0,0.6338825952626158,0.01799121688624451
B cells,CD79B,42.9519,8.542022,0.0,0.0,0.6719876416065912,0.10447655475279785
B cells,AC096579.7,42.869087,8.99909,0.0,0.0,0.631307929969104,0.034990791896869246
B cells,CD22,42.282658,11.277885,0.0,0.0,0.5983522142121525,0.01282051282051282
B cells,HLA-DRA,41.800762,7.490133,0.0,0.0,0.84346035015448,0.5043207253152004
B cells,CD74,41.554203,3.885034,0.0,0.0,0.9953656024716787,0.931718373707324
B cells,ADAM28,40.71594,7.7097883,0.0,0.0,0.6230690010298661,0.07189403598243377
B cells,FGD2,40.35409,5.849393,0.0,0.0,0.6972193614830072,0.15214619634509138
B cells,IRF8,39.639984,7.343494,0.0,0.0,0.680226570545829,0.19096189261935118
B cells,NCF1C,39.620373,6.416213,0.0,0.0,0.631307929969104,0.09179770505737357
B cells,PAX5,37.7963,10.890895,0.0,0.0,0.5324407826982492,0.006658166879161354
B cells,NCF1,37.753605,6.401313,0.0,0.0,0.6343975283213182,0.12990508570619066
B cells,FCRL1,37.464497,11.05065,3.4883044529255407e-307,3.6224456150698594e-304,0.5283213182286303,0.006728998441705624
B cells,HLA-DQA1,36.52974,5.926375,3.740809864617789e-292,3.7983352074248003e-289,0.7641606591143152,0.32809179770505736
B cells,TCF4,36.493896,5.9015083,1.3859251803222452e-291,1.3766455073757397e-288,0.5895983522142122,0.0865561694290976
B cells,HLA-DQB1,36.27699,5.7117214,3.731261180172157e-288,3.551849705092213e-285,0.7914521112255407,0.4123813571327383
B cells,MEF2C,35.859657,6.590304,1.300520524143164e-281,1.188467675782989e-278,0.5602471678681772,0.07387731973367333
B cells,HLA-DPA1,35.67197,5.1715064,1.0756610729656466e-278,9.637079558028691e-276,0.88259526261586,0.6040515653775322
B cells,POU2AF1,35.299507,6.4400196,5.975351371137099e-273,5.151429336792384e-270,0.53913491246138,0.049369599093356
B cells,CD83,35.16778,6.2090077,6.217594294274877e-271,5.26100589803718e-268,0.646755921730175,0.2009491429380932
B cells,NCF1B,34.297455,5.4390197,8.56426110938062e-258,6.987825332318201e-255,0.592173017507724,0.1242385607026491
B cells,IGHD,33.91447,11.029205,4.076703929259896e-252,3.1571653548431045e-249,0.47785787847579814,0.005879019691174387
B cells,LINC00926,33.85786,9.326442,2.7804722406731588e-251,2.1174222936806327e-248,0.48043254376931,0.01027057656891911
CD4 T conv,TRAC,31.003525,4.894212,4.831993587323859e-211,2.2078345099200178e-206,0.9539295392953929,0.6648129423660263
CD4 T conv,TRBC2,22.312805,3.5657794,2.7753260162934716e-110,6.340509816824065e-106,0.9832881662149955,0.7908421204680052
CD4 T conv,CD2,19.972244,3.18106,9.604103078389979e-89,1.4627689261926496e-84,0.8319783197831978,0.6117290192113246
CD4 T conv,CD3G,19.776047,3.3064923,4.787884461318106e-87,5.469200420163672e-83,0.9060523938572719,0.6562184024266936
CD4 T conv,CD3E,19.05181,2.5372179,6.346927356071506e-81,5.800076095072384e-77,0.8667570009033424,0.6280514227935866
CD4 T conv,IGHV1OR15-1,18.857912,4.8752127,2.530200242897738e-79,1.926831824974724e-75,0.2940379403794038,0.05048389426549184
CD4 T conv,CD3D,18.614557,3.2819655,2.4487622568563352e-77,1.5984120720039953e-73,0.8008130081300813,0.5809620106890077
CD4 T conv,IL32,17.539982,3.326582,7.095043325509581e-69,3.602074662546486e-65,0.8766937669376694,0.6664740719341326
CD4 T conv,TRAV8-3,15.670444,4.411702,2.4089297807872933e-55,8.466832272594847e-52,0.23938572719060525,0.033728152535028165
CD4 T conv,LCK,15.585808,2.5767698,9.090680939039884e-55,2.9669385247615025e-51,0.7416440831074977,0.5587173190813232
CD4 T conv,SPOCK2,14.37388,1.990391,7.548061539198062e-47,1.567663762950172e-43,0.6594399277326106,0.4923443593817709
CD4 T conv,FYB,14.096565,1.7432836,3.9870605264615654e-45,7.590698732295077e-42,0.8626919602529358,0.7193413260147336
CD4 T conv,TMEM66,13.793324,1.2378997,2.795724989051503e-43,4.731195044434862e-40,0.9227642276422764,0.8820598006644518
CD4 T conv,ITK,13.360544,1.8780909,1.028091514760683e-40,1.6198468100843146e-37,0.6178861788617886,0.45377726419182435
CD4 T conv,TNFAIP3,13.296256,1.8162678,2.433506476658468e-40,3.7063925977159573e-37,0.8654019873532068,0.786580962010689
CD4 T conv,HLA-A,12.786054,0.53294605,1.9618574824311075e-37,2.7163997602194597e-34,0.9968383017163505,0.9968944099378882
CD4 T conv,FYN,12.65429,1.9187062,1.0592809634907672e-36,1.4235489936417687e-33,0.7976513098464318,0.638957099523328
CD4 T conv,LAT,12.615136,2.0898702,1.7425631438912465e-36,2.274891290590824e-33,0.530713640469738,0.3854542828253647
CD4 T conv,TRAV8-2,12.571746,4.264645,3.019809741501004e-36,3.832809630796219e-33,0.1892502258355917,0.023761375126390292
CD4 T conv,ZAP70,12.526704,1.8935469,5.33333818693165e-36,6.586240228034621e-33,0.6716350496838301,0.5151668351870576
CD4 T conv,CTLA4,12.459088,1.9418402,1.247887877272314e-35,1.5004866549559625e-32,0.46025293586269195,0.3024700274447494
CD4 T conv,CD5,11.588865,1.7104871,4.693073581071479e-31,5.105617096817095e-28,0.44941282746160793,0.30767008522316913
CD4 T conv,ITM2A,11.519077,1.9514607,1.0573676832204163e-30,1.0980282768569833e-27,0.5564588979223125,0.41542683807597863
CD4 T conv,EVL,11.421315,1.5950258,3.272449234363128e-30,3.31515478333298e-27,0.7317073170731707,0.6229235880398671
CD4 T conv,PRKCH,11.419604,1.6489027,3.337501532726015e-30,3.31515478333298e-27,0.7181571815718157,0.5821898021089124
CD4 T conv,DGKA,11.395806,1.8013718,4.3875080826980916e-30,4.265404666268962e-27,0.5392953929539296,0.4265491838798209
CD4 T conv,PTPRC,11.390044,0.7865134,4.687494614380397e-30,4.429124432468433e-27,0.9846431797651309,0.9794164379604218
CD4 T conv,CD28,11.299193,1.5883393,1.3242850517041146e-29,1.2101846516492882e-26,0.4268292682926829,0.28166979633107037
CD4 T conv,CD6,11.275338,1.4478099,1.7370920856023501e-29,1.556298266183188e-26,0.5311653116531165,0.3866098512205691
CD4 T conv,ICOS,11.1851,1.7963918,4.823636718876836e-29,4.238492479979239e-26,0.3947606142728094,0.25306947854976164
CD8 exhausted/dysfunctional,CCL5,48.98683,6.673108,0.0,0.0,0.8924702774108322,0.5580448065173116
CD8 exhausted/dysfunctional,NKG7,44.3473,7.0102916,0.0,0.0,0.8153236459709379,0.4294093686354379
CD8 exhausted/dysfunctional,PDCD1,43.927795,5.950794,0.0,0.0,0.661558784676354,0.21979633401221996
CD8 exhausted/dysfunctional,PRF1,43.025795,5.7917595,0.0,0.0,0.7706737120211361,0.36814663951120163
CD8 exhausted/dysfunctional,LYST,39.754993,4.1448803,0.0,0.0,0.8206076618229855,0.5184521384928716
CD8 exhausted/dysfunctional,CD8A,39.699257,5.849808,0.0,0.0,0.711228533685601,0.3490020366598778
CD8 exhausted/dysfunctional,TIGIT,39.23631,5.217461,0.0,0.0,0.6964332892998679,0.30615071283095724
CD8 exhausted/dysfunctional,HAVCR2,38.071346,4.9950275,0.0,0.0,0.6110964332892999,0.24977596741344196
CD8 exhausted/dysfunctional,CST7,37.05211,5.1342735,1.660751911680213e-300,8.431452927610256e-297,0.8163804491413474,0.4769857433808554
CD8 exhausted/dysfunctional,DUSP4,36.687473,4.1170382,1.1568759920602672e-294,5.285997782921773e-291,0.7178335535006605,0.3826476578411405
CD8 exhausted/dysfunctional,TRBC2,35.730225,4.2220035,1.342087076666115e-279,5.574785700638921e-276,0.9833553500660502,0.7661914460285132
CD8 exhausted/dysfunctional,CBLB,35.306534,3.7562666,4.661894760666468e-273,1.7750941283697687e-269,0.8282694848084544,0.5474541751527495
CD8 exhausted/dysfunctional,CTLA4,35.211586,4.53457,1.3293077841739555e-271,4.672210098036645e-268,0.5997357992073976,0.23926680244399184
CD8 exhausted/dysfunctional,RGS1,35.113754,4.4773235,4.157326788293714e-270,1.3568326829336884e-266,0.9011889035667107,0.6973523421588594
CD8 exhausted/dysfunctional,TOX,34.715946,3.6573267,4.527840876985565e-264,1.3792407023414963e-260,0.5931307793923382,0.2484725050916497
CD8 exhausted/dysfunctional,KLRK1,33.35217,4.93383,6.775475343959025e-244,1.9349063713510984e-240,0.7495376486129458,0.41670061099796335
CD8 exhausted/dysfunctional,CD2,32.157692,4.11813,6.894965200407831e-227,1.8532044113943213e-223,0.857331571994716,0.5757230142566191
CD8 exhausted/dysfunctional,LAG3,32.13383,4.050956,1.4858065551712104e-226,3.771637395493497e-223,0.48877146631439894,0.15421588594704685
CD8 exhausted/dysfunctional,PRDM1,32.11952,3.4540966,2.3545169341356175e-226,5.662241460764455e-223,0.7915455746367239,0.5141344195519348
CD8 exhausted/dysfunctional,HLA-A,31.729012,1.0400447,6.18535767924623e-221,1.4131068154005936e-217,0.9986789960369881,0.9963340122199593
CD8 exhausted/dysfunctional,CXCL13,31.671446,5.5149055,3.843018677930007e-220,8.361676639617995e-217,0.4430647291941876,0.10639511201629327
CD8 exhausted/dysfunctional,CCL4,31.638145,5.125692,1.1038861125779175e-219,2.292671102541373e-216,0.6750330250990753,0.3445213849287169
CD8 exhausted/dysfunctional,APOBEC3C,30.33985,2.6330974,3.419867782697426e-202,6.793939075087425e-199,0.8811096433289299,0.7553564154786151
CD8 exhausted/dysfunctional,CD27,30.069012,3.949422,1.2320780707530457e-198,2.3456713003686735e-195,0.6243064729194188,0.3404480651731161
CD8 exhausted/dysfunctional,PRKCH,29.871683,3.2955625,4.591167606599417e-196,8.391185211229623e-193,0.7873183619550859,0.5434623217922607
CD8 exhausted/dysfunctional,GAPDH,29.863934,1.9192853,5.788407903400356e-196,1.0172458997006502e-192,0.9762219286657859,0.9208146639511202
CD8 exhausted/dysfunctional,CD3G,29.705595,3.6920738,6.501769432722555e-194,1.1002920330368853e-190,0.8972258916776751,0.6269653767820774
CD8 exhausted/dysfunctional,CCL4L1,29.609941,3.7101648,1.1129449327666781e-192,1.816167138141966e-189,0.6338177014531043,0.31780040733197557
CD8 exhausted/dysfunctional,GZMA,29.182943,4.492487,3.1923670246910105e-187,5.02984945145454e-184,0.6792602377807133,0.37580448065173117
CD8 exhausted/dysfunctional,GZMB,28.896936,4.8577824,1.3046056007341666e-183,1.9870013036248513e-180,0.5487450462351388,0.2424439918533605
CD8 memory-like,IL7R,41.18431,5.2534223,0.0,0.0,0.6058002148227712,0.22928540113985094
CD8 memory-like,TCF7,36.239967,3.9573998,1.429793973245707e-287,9.332878032220405e-284,0.5355531686358754,0.18833844804910127
CD8 memory-like,MALAT1,36.105946,0.8363375,1.8294608941097445e-285,1.0448965896707806e-281,1.0,0.9993862341078474
CD8 memory-like,RPS3,33.323063,0.97170836,1.7895438488949082e-243,8.176783754370614e-240,0.9911922663802363,0.9853572994300746
CD8 memory-like,RPL13,32.765778,0.8428808,1.8099751151819424e-235,7.51830754208121e-232,0.9944146079484425,0.992284085927225
CD8 memory-like,RPL13A,31.627169,0.80357987,1.5626862858254214e-219,5.492481674764243e-216,0.9972073039742213,0.9950898728627795
CD8 memory-like,RPL3,30.681747,0.9051079,9.972085755909224e-207,3.037630282393362e-203,0.9877551020408163,0.982639193336256
CD8 memory-like,RPS12,30.16239,1.1185904,7.37911926662552e-200,1.9833336325332545e-196,0.964983888292159,0.9475668566418237
CD8 memory-like,EEF1A1,29.702257,0.6182505,7.180345817982566e-194,1.7267597953434704e-190,0.9980665950590762,0.9990355107409031
CD8 memory-like,RPL10,29.373257,0.6485678,1.206192805893477e-189,2.7556680843442373e-186,0.9961331901181525,0.9966681280140289
CD8 memory-like,RPS14,28.942022,0.85748047,3.536279388427323e-184,7.694270372191487e-181,0.9761546723952739,0.9714160455940377
CD8 memory-like,RPS27,27.858728,0.8913958,8.443937307376228e-171,1.5432815337945385e-167,0.9888292158968851,0.9805348531345901
CD8 memory-like,RPLP2,26.219366,0.87496376,1.5984125365309052e-151,2.7049876155248196e-148,0.9583243823845328,0.947829899167032
CD8 memory-like,RPS6,26.010511,0.73513144,3.7661637169420425e-149,6.145841162661278e-146,0.9849624060150376,0.9817623849188952
CD8 memory-like,RPL23A,25.66218,0.8380051,3.0918594785017414e-145,4.871491147989709e-142,0.9774436090225563,0.966418237615081
CD8 memory-like,RPL41,25.193186,0.5611844,4.757280430031696e-140,7.245655246966942e-137,0.9976369495166487,0.9962297238053486
CD8 memory-like,PPP2R5C,25.015495,1.7913829,4.146886867332905e-138,6.112243701360487e-135,0.8940923737916219,0.8298114861902675
CD8 memory-like,RPS27A,23.551855,0.71639097,1.201616141066207e-122,1.5251179088221426e-119,0.9570354457572503,0.953266111354669
CD8 memory-like,RPS18,23.414955,0.8523788,3.0094189857441053e-121,3.71638844044918e-118,0.9619763694951665,0.9494081543182814
CD8 memory-like,RPS3A,23.349342,0.61070174,1.3995060620780842e-120,1.682795552328206e-117,0.9828141783029001,0.9842174484875055
CD8 memory-like,RPS4X,23.031155,0.6802218,2.2725705247074524e-117,2.6625203183316134e-114,0.9752953813104189,0.9701885138097326
CD8 memory-like,STAT4,22.86094,2.504155,1.1375326308201665e-115,1.2994035241858762e-112,0.6307196562835661,0.4403331871985971
CD8 memory-like,EEF1A1P5,22.8284,0.66205025,2.395624442892916e-115,2.6697773669430027e-112,0.9862513426423201,0.9849188952213941
CD8 memory-like,TC2N,22.72977,2.7753677,2.2752496611223025e-114,2.4752549408571486e-111,0.4371643394199785,0.22551512494519949
CD8 memory-like,RPL10P3,22.324411,0.79075915,2.140908560487534e-110,2.2749393940882883e-107,0.9385606874328679,0.9131082858395441
CD8 memory-like,CD3G,22.320787,2.8186533,2.3216692851819717e-110,2.410948022239424e-107,0.844468313641246,0.6278825076720737
CD8 memory-like,ZFP36L2,22.113363,1.8667624,2.3508363491186447e-108,2.1921309074271247e-105,0.7914070891514501,0.6744410346339325
CD8 memory-like,RPS25,22.043795,0.7249291,1.0955926667669309e-107,1.0011964025982921e-104,0.9486573576799141,0.9404647084612012
CD8 memory-like,RPL21,21.602306,0.5862708,1.7087066622432869e-103,1.5308671531611818e-100,0.9609022556390977,0.9626479614204296
CD8 memory-like,RP11-3P17.3,21.444702,0.91131,5.117243478905647e-102,4.411643189399185e-99,0.9278195488721804,0.9001315212626041
Cycling T,TUBB,31.859041,8.632785,9.866346188653932e-223,4.508130900519755e-218,0.8956386292834891,0.42567129329355297
Cycling T,STMN1,31.795153,10.477655,7.552708580903632e-222,1.7254918023932438e-217,0.8115264797507789,0.13847451031262162
Cycling T,HMGN2,31.694181,6.123542,1.8687188579806e-220,2.846183401961652e-216,0.9501557632398754,0.7174082241535867
Cycling T,TUBA1B,31.556828,8.227594,1.4452800082891653e-218,1.6509433534687135e-214,0.9190031152647975,0.5656375664807368
Cycling T,HMGB2,30.385498,8.325502,8.539307388107704e-203,7.803560663548343e-199,0.8707165109034268,0.3805292515241925
Cycling T,RP11-386G11.10,29.788828,7.279483,5.45150509649375e-195,4.15150284781654e-191,0.8956386292834891,0.5028538072382929
Cycling T,MKI67,29.32112,8.324621,5.580553567663907e-189,3.642666480195703e-185,0.7242990654205608,0.052406278375924244
Cycling T,UBE2C,29.076042,11.582064,7.212468116019179e-186,4.1194011644643544e-182,0.6931464174454829,0.021662991308859774
Cycling T,RPL12P38,28.881704,3.098751,2.026819097796112e-183,1.0289935357388882e-179,0.8862928348909658,0.44811259566740175
Cycling T,TOP2A,28.663368,9.410078,1.0923620435630454e-180,4.991220649448267e-177,0.7009345794392523,0.05104423401219354
Cycling T,H2AFZ,28.632666,7.203855,2.63533117365106e-180,1.0946686544224021e-176,0.9018691588785047,0.49234660786094175
Cycling T,NUSAP1,28.520193,8.573172,6.582255688405902e-179,2.5063035576220205e-175,0.7476635514018691,0.12050849656245946
Cycling T,BIRC5,28.440676,9.540388,6.355176019526096e-178,2.2336977129552798e-174,0.6853582554517134,0.03165131664288494
Cycling T,HMGB1P5,28.421246,4.878412,1.104954189678538e-177,3.6062547739136965e-174,0.9299065420560748,0.6282916072123492
Cycling T,RRM2,28.202555,10.4207115,5.44071565562798e-175,1.657314531579691e-171,0.6884735202492211,0.0402775976131794
Cycling T,HMGB1,27.929527,4.397209,1.1688846335475368e-171,3.338042292253378e-168,0.9641744548286605,0.7877156570242574
Cycling T,PFN1,27.75087,2.431928,1.70084410946425e-169,4.571468767625912e-166,0.9984423676012462,0.9569334544039434
Cycling T,CKS1B,27.272501,8.276312,8.99147661453519e-164,2.2824363859518995e-160,0.705607476635514,0.10111557919315087
Cycling T,RP5-940J5.9,27.261976,3.1023047,1.1985117725169927e-163,2.8822315742024435e-160,0.9890965732087228,0.9131534569983136
Cycling T,HMGN2P5,27.197268,5.394488,6.99673211405024e-163,1.5984734187759177e-159,0.8193146417445483,0.37099494097807756
Cycling T,CCNA2,27.050144,8.457485,3.8046340935113354e-161,8.278159095272379e-158,0.6728971962616822,0.06901024776235569
Cycling T,ACTB,26.959984,1.8462532,4.356852863706302e-160,9.048787320384926e-157,1.0,0.9970813335062914
Cycling T,GAPDH,26.894215,3.0103967,2.566539741275303e-159,5.098710167754397e-156,0.9906542056074766,0.9315086262809703
Cycling T,RP11-673C5.1,26.700884,4.390967,4.596895851663953e-157,8.751723552259555e-154,0.8878504672897196,0.4839797639123103
Cycling T,TYMS,26.66233,8.942224,1.287754673479051e-156,2.353603461624192e-153,0.6713395638629284,0.06615644052406279
Cycling T,CDK1,26.572235,9.296744,1.4215946836366349e-155,2.498288626335582e-152,0.6542056074766355,0.044882604747697494
Cycling T,KIAA0101,26.449455,8.966158,3.701747328831372e-154,6.26445329440604e-151,0.6682242990654206,0.07685821766766117
Cycling T,TPX2,26.25437,8.30163,6.371958721053281e-152,1.039812635294166e-148,0.6464174454828661,0.04358541963938254
Cycling T,CENPF,26.130278,7.4868965,1.6515379692909157e-150,2.6021404445807073e-147,0.6557632398753894,0.05772473732001557
Cycling T,TMPO,26.016668,6.7341495,3.2080343758142704e-149,4.8860502233235215e-146,0.8177570093457944,0.27117654689324167
Macrophage/Mono,IFI30,58.782845,15.505796,0.0,0.0,0.9658119658119658,0.15577237991266377
Macrophage/Mono,LYZ,58.236843,17.852655,0.0,0.0,0.9430199430199431,0.025791484716157206
Macrophage/Mono,TYROBP,57.497837,15.80874,0.0,0.0,0.9494301994301995,0.06379639737991266
Macrophage/Mono,CST3,57.41839,15.475716,0.0,0.0,0.9444444444444444,0.0412117903930131
Macrophage/Mono,RP11-1143G9.4,57.37949,18.021156,0.0,0.0,0.9294871794871795,0.023335152838427946
Macrophage/Mono,FCER1G,57.253704,16.068363,0.0,0.0,0.9430199430199431,0.05499454148471616
Macrophage/Mono,AIF1,56.38765,13.889441,0.0,0.0,0.9259259259259259,0.0427811135371179
Macrophage/Mono,FTL,56.284523,6.2067413,0.0,0.0,0.9964387464387464,0.9040665938864629
Macrophage/Mono,PSAP,55.652763,9.402274,0.0,0.0,0.9757834757834758,0.5313864628820961
Macrophage/Mono,GRN,54.849953,12.505792,0.0,0.0,0.9458689458689459,0.17446779475982532
Macrophage/Mono,SERPINA1,54.754997,16.751371,0.0,0.0,0.8853276353276354,0.012076965065502184
Macrophage/Mono,CD68,54.480244,13.22979,0.0,0.0,0.9002849002849003,0.052333515283842794
Macrophage/Mono,FTH1,53.727165,5.1233015,0.0,0.0,0.9971509971509972,0.9325873362445415
Macrophage/Mono,S100A11,53.571426,9.760097,0.0,0.0,0.9779202279202279,0.4279475982532751
Macrophage/Mono,CTSB,53.52083,11.155918,0.0,0.0,0.9693732193732194,0.4269241266375546
Macrophage/Mono,CLEC7A,53.512676,12.62968,0.0,0.0,0.8760683760683761,0.023539847161572054
Macrophage/Mono,PLAUR,53.352413,13.973326,0.0,0.0,0.8774928774928775,0.03657205240174673
Macrophage/Mono,NPC2,53.255047,11.801329,0.0,0.0,0.9351851851851852,0.1550900655021834
Macrophage/Mono,FCGR2A,52.812912,13.584607,0.0,0.0,0.8589743589743589,0.0212882096069869
Macrophage/Mono,TGFBI,52.604855,13.153822,0.0,0.0,0.8774928774928775,0.046260917030567686
Macrophage/Mono,HCK,51.693195,13.305185,0.0,0.0,0.8418803418803419,0.013782751091703056
Macrophage/Mono,ITGAX,51.410686,9.074885,0.0,0.0,0.9109686609686609,0.10746451965065502
Macrophage/Mono,GPX1,51.245502,9.879789,0.0,0.0,0.9344729344729344,0.2632368995633188
Macrophage/Mono,CYBB,50.7219,9.755305,0.0,0.0,0.8760683760683761,0.09975436681222707
Macrophage/Mono,CSF1R,50.595123,12.866591,0.0,0.0,0.8247863247863247,0.01883187772925764
Macrophage/Mono,HLA-DRA,50.27387,10.724835,0.0,0.0,0.9736467236467237,0.5042985807860262
Macrophage/Mono,GLUL,49.867523,11.190441,0.0,0.0,0.8803418803418803,0.14321779475982532
Macrophage/Mono,PLXDC2,49.60093,12.71882,0.0,0.0,0.8048433048433048,0.01023471615720524
Macrophage/Mono,FTLP3,49.598225,5.7945123,0.0,0.0,0.9458689458689459,0.47236626637554585
Macrophage/Mono,IFNGR2,49.55283,9.8265915,0.0,0.0,0.8582621082621082,0.07819323144104803
NK,GNLY,25.722088,11.899722,6.6186328641031335e-146,3.024185728266004e-141,0.7593688362919132,0.15649713881566257
NK,NKG7,24.283619,8.672492,2.9203087917362375e-130,6.671737465600608e-126,0.960552268244576,0.5060117019224587
NK,KLRF1,23.473948,12.267407,7.529312528479139e-122,1.1467644935042294e-117,0.6173570019723866,0.009708737864077669
NK,PRF1,23.402372,7.4468007,4.042381683178492e-121,4.617612596694791e-117,0.8895463510848126,0.44910949656014915
NK,CTSW,23.386768,7.5169544,5.827218536634149e-121,5.3251453875177504e-117,0.8619329388560157,0.36539574358644633
NK,KLRD1,21.761757,7.5646377,5.3459417029238174e-105,4.071112804833251e-101,0.7593688362919132,0.23654600398636919
NK,GZMB,19.189177,7.541504,4.558030386510331e-82,2.975221777434715e-78,0.7455621301775148,0.3005850961229345
NK,SH2D1B,19.110954,9.233686,2.046926552289584e-81,1.169102100340196e-77,0.5108481262327417,0.016652735806596798
NK,TRDC,17.964323,7.88624,3.70776451573676e-72,1.8823908472560447e-68,0.5522682445759369,0.07439079277309844
NK,PLAC8,17.637613,6.211445,1.2669879473894672e-69,5.789121329211953e-66,0.6331360946745562,0.2131421590689899
NK,IL2RB,17.555609,4.918387,5.388534321561445e-69,2.238299183825323e-65,0.8382642998027613,0.49559570500868
NK,AOAH,16.222834,4.828007,3.477699764420171e-59,1.222331212583742e-55,0.7100591715976331,0.3461711566900276
NK,FCGR3A,15.918183,6.4512835,4.7394188237925485e-57,1.5468108921194936e-53,0.5128205128205128,0.11830515013180737
NK,SPON2,15.689618,5.981085,1.7812460355382603e-55,5.425912923720946e-52,0.4970414201183432,0.1262135922330097
NK,KLRC1,15.467113,6.0587115,5.784429665233061e-54,1.5547185897872295e-50,0.46745562130177515,0.0781199768533402
NK,TYROBP,15.185331,6.3195915,4.42323633410961e-52,1.122813969878535e-48,0.5463510848126233,0.12801388799588503
NK,TXK,15.067593,5.983903,2.6457769299194657e-51,6.362675762204222e-48,0.4536489151873767,0.07124027518806661
NK,CD247,14.942652,4.426925,1.739144929878116e-50,3.9732505067995438e-47,0.6863905325443787,0.4124606185301871
NK,CST7,14.747893,4.615252,3.174207276168246e-49,6.906470422032357e-46,0.8264299802761341,0.5481900597955378
NK,KLRK1,14.717206,5.1671987,4.998878073901623e-49,1.0382215316032408e-45,0.8382642998027613,0.4839580788272359
NK,IFITM2,14.479817,2.52915,1.625282268267572e-47,3.228799887029648e-44,0.9526627218934911,0.8703787050729763
NK,HOPX,14.163909,5.367566,1.532285152139354e-45,2.8005269268620548e-42,0.5009861932938856,0.1569472127563814
NK,FGFBP2,14.021597,7.2473397,1.1499724107969593e-44,2.0209438228513334e-41,0.39644970414201186,0.03594161898026104
NK,PIP4K2A,14.007873,2.3846757,1.3952307232631164e-44,2.3611437854569747e-41,0.8856015779092702,0.7812640648106475
NK,S1PR5,13.845819,6.3785386,1.3483368942487905e-43,2.1244210128281287e-40,0.3905325443786982,0.03253391628624703
NK,GPR56,13.805968,4.3765044,2.3459793775781587e-43,3.5730829906767076e-40,0.5305719921104537,0.1862020189031055
NK,B3GNT7,13.36415,5.7969584,9.794734155538539e-41,1.3985656032339592e-37,0.388560157790927,0.052722947341348934
NK,KIR2DL3,12.709647,5.918033,5.226942524116907e-37,6.634151605887492e-34,0.3510848126232742,0.020574808718575196
NK,KIR2DS4,12.568723,7.0040536,3.13750588359607e-36,3.772603127191359e-33,0.33925049309664695,0.013116440558091686
NK,KLRB1,12.3220625,4.86437,6.890914367700071e-35,7.87149148222379e-32,0.4358974358974359,0.1314858869671446
Treg,TNFRSF4,25.599838,8.56515,1.5319054879305448e-144,6.999582555452246e-140,0.6774193548387096,0.0939119170984456
Treg,TNFRSF18,23.998123,7.7416525,2.9091117641950956e-127,6.646156736480116e-123,0.6887096774193548,0.16049222797927462
Treg,SPOCK2,21.90147,5.436704,2.5152989214287016e-106,3.830967943930675e-102,0.8661290322580645,0.5012953367875648
Treg,CD4,21.541939,6.0627484,6.301258318592153e-103,7.197927377327817e-99,0.7338709677419355,0.2663860103626943
Treg,IL2RA,19.893282,7.1653857,4.6527234224031733e-88,4.251844772328916e-84,0.5258064516129032,0.07215025906735752
Treg,FOXP3,19.625538,6.0418606,9.358066763216374e-86,6.108411236355464e-82,0.5112903225806451,0.05187823834196891
Treg,MAF,18.997154,4.045758,1.800470743607241e-80,9.140789912989116e-77,0.6661290322580645,0.24533678756476685
Treg,IL32,18.96228,4.610559,3.49656876548613e-80,1.5976522003259226e-76,0.9193548387096774,0.6864637305699481
Treg,ARID5B,18.759508,4.114022,1.618891265428339e-78,6.724579972722878e-75,0.8387096774193549,0.5175518134715026
Treg,ICOS,17.959137,5.347331,4.0708480104934693e-72,1.4308091330420585e-68,0.6370967741935484,0.2579663212435233
Treg,BATF,17.858057,5.1725154,2.501992853636272e-71,8.165789819167753e-68,0.6483870967741936,0.2842616580310881
Treg,CTLA4,17.382603,4.802804,1.1176345304309202e-67,3.4044637976299734e-64,0.6919354838709677,0.3094559585492228
Treg,PIM2,17.359877,3.9539957,1.66081532925117e-67,4.7428733765090286e-64,0.8741935483870967,0.6704015544041451
Treg,TIGIT,17.09385,4.902963,1.649176581470535e-65,4.4325986094442165e-62,0.7467741935483871,0.3841321243523316
Treg,TBC1D4,16.235144,4.3213315,2.845791755993371e-59,7.223884273047173e-56,0.5516129032258065,0.19397668393782383
Treg,TRAC,15.986305,4.3249283,1.5919666295812025e-57,3.8284283809907527e-54,0.9483870967741935,0.6948834196891192
Treg,PBXIP1,15.169635,3.490083,5.6188862444805686e-52,1.222562620394315e-48,0.7645161290322581,0.4677461139896373
Treg,SOD1,14.879282,3.4716532,4.492933223111452e-50,9.331413855927658e-47,0.8145161290322581,0.6059585492227979
Treg,TMEM173,14.775512,4.260969,2.107509022317718e-49,4.18679574990179e-46,0.6096774193548387,0.3148316062176166
Treg,LTB,14.592133,4.4599657,3.151884527677629e-48,6.00066282661026e-45,0.5919354838709677,0.2832901554404145
Treg,CD28,14.096527,3.620836,3.989235033688269e-45,7.291045086371376e-42,0.6064516129032258,0.28944300518134713
Treg,B2M,13.854063,0.63649666,1.202157871850612e-43,2.034407314096228e-40,1.0,0.9996761658031088
Treg,CD2,13.813322,3.711599,2.118324918745182e-43,3.456803649546602e-40,0.8741935483870967,0.6327720207253886
Treg,DUSP4,13.800914,3.424104,2.516416195178426e-43,3.964830647934229e-40,0.7403225806451613,0.45045336787564766
Treg,PKM,13.446551,2.707573,3.225702999128147e-41,4.605900669880103e-38,0.8451612903225807,0.6808937823834197
Treg,PELI1,13.278417,3.5426455,3.088579331908622e-40,4.276465661623296e-37,0.5387096774193548,0.25667098445595854
Treg,PHACTR2,13.2677,2.779674,3.5635170977829055e-40,4.788947742114603e-37,0.5516129032258065,0.2551165803108808
Treg,TRBC2,13.226429,3.4872289,6.175215279174865e-40,8.061655329601654e-37,0.9919354838709677,0.8103626943005181
Treg,DNPH1,12.956529,3.9549143,2.1579297959981486e-38,2.664868330776957e-35,0.5048387096774194,0.2368523316062176
Treg,CCR8,12.949466,6.1416535,2.365946866076249e-38,2.844864321177789e-35,0.33064516129032256,0.02655440414507772
pDC,PLD4,27.895664,15.50558,3.011559101986236e-171,1.3760415848795508e-166,0.9587628865979382,0.03259559895998478
pDC,IGJ,27.824488,17.270649,2.1932687799394474e-170,4.730720175586777e-166,0.9725085910652921,0.07242057200837085
pDC,LILRA4,27.811996,18.05289,3.1060493142695287e-170,4.730720175586777e-166,0.9518900343642611,0.020419811021624705
pDC,IL3RA,27.7542,13.623861,1.5505719141073782e-169,1.7712182974848582e-165,0.9553264604810997,0.04261525778426026
pDC,SERPINF1,27.616287,16.507757,7.093125604062941e-168,6.481981902016878e-164,0.9484536082474226,0.0324053522734479
pDC,BCL11A,27.595406,12.963887,1.2633416552262434e-167,9.620767818432918e-164,0.9896907216494846,0.12144080157270594
pDC,TCF4,27.508528,12.66477,1.3881411688245318e-166,9.0609923265615e-163,0.9759450171821306,0.132094616018771
pDC,IRF8,27.466036,13.217833,4.4703989101930006e-166,2.5532683375567323e-162,0.9759450171821306,0.2367302936140529
pDC,PTPRS,27.44754,13.14839,7.433418031964418e-166,3.7738637412946467e-162,0.9415807560137457,0.03246876783562686
pDC,NAPSB,27.368555,14.467937,6.495492630058302e-165,2.967920492526239e-161,0.9690721649484536,0.10704546895808231
pDC,PLAC8,26.953602,12.967816,5.175879289795419e-160,2.1116940139779209e-156,0.9621993127147767,0.21282262667258545
pDC,IRF7,26.951044,11.645734,5.54590041314345e-160,2.1116940139779209e-156,0.9621993127147767,0.2824529139450821
pDC,AC096579.7,26.489706,13.244036,1.2736147286367377e-154,4.476461860066909e-151,0.9553264604810997,0.09144524066205847
pDC,SPIB,26.457628,13.2099285,2.9811722108251597e-154,9.729694332644514e-151,0.9381443298969072,0.05789840826938931
pDC,C1orf186,26.235487,10.134746,1.0466879790901677e-151,3.1883511427058626e-148,0.9140893470790378,0.03253218339780582
pDC,MPEG1,26.221674,11.661493,1.5044806163329222e-151,4.2964205200927426e-148,0.9278350515463918,0.10070391274018645
pDC,GPR183,25.881565,12.521057,1.0741344369405002e-147,2.88702062898149e-144,0.9621993127147767,0.30540934745386517
pDC,CYB561A3,25.797136,11.934503,9.547939375998923e-147,2.4236913664896823e-143,0.9450171821305842,0.19614433381951932
pDC,LILRB4,25.734198,11.77892,4.844540037611054e-146,1.1650353863080227e-142,0.9278350515463918,0.07628892130128734
pDC,ITM2C,25.642738,10.895538,5.094911238278177e-145,1.1639834214970322e-141,0.9450171821305842,0.1778806519119792
pDC,CCDC50,25.437,9.866562,9.831895814570008e-143,2.1392332550444417e-139,0.9312714776632303,0.15016805123977425
pDC,TSPAN13,25.374495,12.518107,4.8235044250483296e-142,1.0017980190423104e-138,0.8865979381443299,0.04572262033102924
pDC,TGFBI,25.237879,11.929404,1.538727910543176e-140,3.0568502473277737e-137,0.9621993127147767,0.10336736635170271
pDC,CST3,24.681095,12.491076,1.706926641610221e-134,3.249703837852259e-131,0.9484536082474226,0.10488933984399772
pDC,UGCG,24.571218,9.056449,2.5661861054866215e-133,4.535341368542562e-130,0.9243986254295533,0.22956433508783056
pDC,GRN,24.570988,11.621523,2.5807335109451677e-133,4.535341368542562e-130,0.9621993127147767,0.22861310165514617
pDC,RP11-38J22.6,24.308435,13.385184,1.596384474758725e-130,2.7015555340990988e-127,0.8419243986254296,0.019595408713298245
pDC,CD74,24.104055,5.108023,2.266511433944496e-128,3.6986228728497106e-125,1.0,0.9382966579998732
pDC,RNASE6,24.065706,11.428459,5.717313591703006e-128,9.008120435589439e-125,0.872852233676976,0.08751347580696303
pDC,GZMB,24.054419,12.151259,7.504605254005357e-128,1.1430014108867092e-124,0.9278350515463918,0.30331663390195956
