rank,mutation,position,wt,mut,esm_score,mpnn_score,esmif_score,esm_score_z,mpnn_score_z,esmif_score_z,consensus_z,n_favorable,mean_pctrank,rel_sasa,dist_min_cat,plddt
1,L168A,168,L,A,5.014029502868652,1.7933539152145386,3.5940253734588623,3.9285518325804496,2.0193479709235347,1.9588890145152877,2.635596272673091,3,0.9925196426649445,0.6115912,38.919323,91.139275
2,N322L,322,N,L,0.786693811416626,3.674847364425659,4.506351470947266,2.6817715230603443,2.9376737177483974,2.1245359394496863,2.5813270600861427,3,0.9955333118071251,0.30129534,35.666286,74.00964
3,T152L,152,T,L,4.132091045379639,2.532591819763184,0.5894765853881836,3.6684391793011577,2.3801577314148705,1.41336667449957,2.4873211950718663,3,0.985039285329889,0.26464173,40.382706,91.235664
4,L168E,168,L,E,4.311436653137207,1.5345293283462524,1.4059216976165771,3.7213340967318214,1.8930199828393282,1.5616049224140691,2.3919863339950727,3,0.9846087611667205,0.6115912,38.919323,91.139275
5,N322Q,322,N,Q,4.508028984069824,1.087960720062256,1.686894178390503,3.7793156399778596,1.6750572517530802,1.6126198254838366,2.3556642390715923,3,0.981702723065332,0.30129534,35.666286,74.00964
6,S258L,258,S,L,3.635535478591919,0.8915901184082031,3.463045597076416,3.5219886136398166,1.5792120180138844,1.935107608671394,2.345436080108365,3,0.9814874609837477,0.18439586,19.957052,88.41481
7,H224N,224,H,N,1.067349910736084,3.177738666534424,1.436147689819336,2.7645462360044277,2.6950432071635695,1.567092919167929,2.3422274541119754,3,0.9901517597675169,0.4308858,24.589159,86.29032
8,N322M,322,N,M,0.2403540611267089,2.6721625328063965,4.030216693878174,2.5206379645528036,2.4482798815844746,2.038086300561851,2.3356680488997097,3,0.9919276719405876,0.30129534,35.666286,74.00964
9,S209A,209,S,A,-0.5132808685302734,3.3315227031707764,3.178232192993164,2.2983662408373515,2.7701026448422037,1.8833953265209993,2.317288070733518,2,0.9898826821655365,0.0,28.414242,95.09453
10,N322R,322,N,R,1.512234449386597,2.621577739715576,1.7900850772857666,2.8957573162886323,2.4235902830569933,1.6313557304746877,2.3169011099401047,3,0.9913357012162307,0.30129534,35.666286,74.00964
11,T271L,271,T,L,3.467724084854126,1.371545433998108,1.785636067390442,3.472495515221238,1.813470247196911,1.6305479438617738,2.3055045687599742,3,0.9848778387687008,0.08245636,34.221794,92.127075
12,L168K,168,L,K,2.1576552391052246,1.5561119318008425,2.7170989513397217,3.0861131315609462,1.9035540936246573,1.799669448597295,2.2631122245942996,3,0.988214401033258,0.6115912,38.919323,91.139275
13,S258R,258,S,R,3.9001660346984863,0.8274502754211426,1.5989913940429688,3.600036866897342,1.5479064244509526,1.5966597143345163,2.24820100189427,3,0.9768593262296846,0.18439586,19.957052,88.41481
14,L168D,168,L,D,4.609929084777832,0.7077827453613281,0.5936005115509033,3.809369330617512,1.4894986877889183,1.4141154371288445,2.2376611518450917,3,0.9678183188031428,0.6115912,38.919323,91.139275
15,H224D,224,H,D,-0.1707808971405029,3.30800199508667,0.3513016700744629,2.399380745364029,2.7586225773318738,1.3701223319044817,2.176041884866795,2,0.9773974814336454,0.4308858,24.589159,86.29032
16,V257A,257,V,A,0.4805840849876404,2.044816493988037,2.5793938636779785,2.5914896984501126,2.142082684960143,1.774666958389259,2.1694131139331714,3,0.9894521580023677,0.44014862,18.390331,84.024414
17,T152M,152,T,M,3.4876163005828857,1.147542953491211,0.0096879005432128,3.4783623837865836,1.70413835168148,1.3080970641916734,2.163532599886579,3,0.9676568722419545,0.26464173,40.382706,91.235664
18,N322I,322,N,I,-1.282918930053711,3.2731032371521,1.835282564163208,2.0713746672783926,2.741589072401543,1.6395620338311543,2.1508419245036965,2,0.9834248197180067,0.30129534,35.666286,74.00964
19,H193R,193,H,R,1.1720585823059082,1.405713438987732,2.3463521003723145,2.795428266549871,1.8301470837348048,1.7323546189975165,2.1193099897607306,3,0.9851469163706813,0.41476002,33.961407,92.87836
20,N322V,322,N,V,-0.3372936248779297,2.329655885696411,1.364779710769653,2.3502706662550295,2.2811080678151336,1.5541349578634045,2.061837897311189,2,0.9827790334732537,0.30129534,35.666286,74.00964
21,T271M,271,T,M,2.188981533050537,1.676252365112305,-1.0381662845611572,3.095352285797084,1.9621926465204276,1.1178429171054283,2.0584626164743134,2,0.9544182542245183,0.08245636,34.221794,92.127075
22,L168T,168,L,T,2.6590070724487305,0.6374015808105469,0.4660284519195556,3.2339782739527454,1.4551468086869213,1.3909527550093088,2.0266926125496583,3,0.9640512323754171,0.6115912,38.919323,91.139275
23,S45A,45,S,A,0.8938303589820862,1.018320918083191,2.1831512451171875,2.7133696140765555,1.6410672194263802,1.7027229775328052,2.019053270345247,3,0.9789581315251318,0.4636513,18.459318,95.62548
24,N322T,322,N,T,-0.1380548477172851,1.9431657791137693,1.2506303787231443,2.409032733520956,2.092468656970127,1.533409379707881,2.0116369233996543,2,0.9812183833817674,0.30129534,35.666286,74.00964
25,H256N,256,H,N,-0.9696743488311768,1.7889735698699951,2.9866833686828613,2.1637607951938644,2.017209997011606,1.8486166724748738,2.0098624882267813,2,0.9820794317081046,0.3122489,15.799537,78.443
26,F231Y,231,F,Y,1.3582758903503418,0.6974670886993408,1.8519870042800903,2.8503498743680313,1.4844637868637622,1.64259498350313,1.9924695482449746,3,0.9736842105263158,0.28236106,16.507622,87.86482
27,L168S,168,L,S,1.747039794921875,0.6516656875610352,1.0972611904144287,2.965009134159499,1.4621088826127826,1.5055628295620913,1.9775602821114575,3,0.9692175223334409,0.6115912,38.919323,91.139275
28,S258Q,258,S,Q,2.8772363662719727,-0.3997704982757568,1.955204725265503,3.2983412690774214,0.9489203190267118,1.661335758459628,1.9695324488545871,2,0.9322462598213326,0.18439586,19.957052,88.41481
29,N322K,322,N,K,-0.0631828308105468,1.8181326389312744,0.6710824966430664,2.4311149534407357,2.031442054999182,1.428183490869347,1.9635801664364214,2,0.9758368313421592,0.30129534,35.666286,74.00964
30,N322A,322,N,A,0.0478086471557617,1.0139379501342771,2.62422513961792,2.4638499901998805,1.6389279654647555,1.7828067704814272,1.961861575382021,3,0.977074588311269,0.30129534,35.666286,74.00964
31,V305I,305,V,I,0.7248949408531189,0.7296762466430664,2.233973503112793,2.6635450039019624,1.5001845426472455,1.7119505451518513,1.9585600305670197,3,0.9742761812506728,0.024052668,30.466097,94.25743
32,M268L,268,M,L,-0.5184667110443115,1.676285982131958,1.6022049188613892,2.2968367653457675,1.9622090544301611,1.597243179507591,1.9520963330945065,2,0.9792272091271123,0.25800622,34.147,89.134514
33,H321Y,321,H,Y,-1.5349098443984983,1.80436110496521,2.6163392066955566,1.9970542600255838,2.024720397679773,1.7813749572926731,1.9343832049993432,2,0.9784199763211711,0.22278701,34.81046,81.971565
34,L168Q,168,L,Q,1.1606941223144531,0.8370327949523926,0.7771174907684326,2.7920765135830257,1.5525834933021296,1.4474357853730973,1.9306985974194173,3,0.9693251533742332,0.6115912,38.919323,91.139275
35,N322H,322,N,H,1.6641178131103516,0.2219786643981933,1.370523452758789,2.940552714869674,1.2523857732326171,1.5551778231291644,1.916038770410485,3,0.9559789043160047,0.30129534,35.666286,74.00964
36,L168R,168,L,R,-0.0426454544067382,0.8250765800476074,2.475351572036743,2.437172101104984,1.5467478631083393,1.7557764698666312,1.9132321446933183,2,0.973791841567108,0.6115912,38.919323,91.139275
37,S249A,249,S,A,-0.3884716033935547,1.5202443599700928,0.9960665702819824,2.335176597425022,1.8860477266999796,1.4871893798811153,1.9028045680020391,2,0.9748143364546334,0.42032632,13.651392,77.29747
38,T271A,271,T,A,2.3631341457366943,0.7656242847442627,-1.4926910400390625,3.1467156182117852,1.5177301838239454,1.035316912139938,1.8999209047252228,2,0.9327305995048971,0.08245636,34.221794,92.127075
39,N322F,322,N,F,-0.7184009552001953,1.3895046710968018,1.510606288909912,2.2378695819928125,1.8222358529597042,1.5806120303807198,1.8802391551110789,2,0.9752448606178022,0.30129534,35.666286,74.00964
40,S258M,258,S,M,3.41192626953125,-0.778867244720459,0.530393123626709,3.4560389045954314,0.7638894846415728,1.4026391574612977,1.8741891822327672,2,0.902486277042299,0.18439586,19.957052,88.41481
41,C72A,72,C,A,-7.476272583007812,4.384660243988037,4.231014728546143,0.24475100925863374,3.2841216115762144,2.0745442919173405,1.8678056375840628,2,0.8786460015068346,0.17676815,15.240677,95.62821
42,V158E,158,V,E,-3.2528634071350098,2.919806241989136,1.1596735715866089,1.4903732602126543,2.5691506687121533,1.5168947634478658,1.858806230790891,2,0.9641050478958132,0.7286779,46.749493,90.33846
43,S258E,258,S,E,0.5946078300476074,0.6818068027496338,0.8342118263244629,2.625119050489973,1.4768202610272596,1.457802145759,1.8532471524254106,3,0.9652351738241309,0.18439586,19.957052,88.41481
44,K290P,290,K,P,4.278113842010498,0.2410144805908203,-4.043874740600586,3.7115061039242834,1.2616768393954276,0.5721100214194331,1.8484309882463812,2,0.8516844257883974,0.6982786,24.93946,88.836
45,A248K,248,A,K,-1.904239535331726,0.5574431419372559,5.064056873321533,1.8881267889217859,1.4161204208331384,2.225795987996936,1.8433477325839533,2,0.9603917769884834,0.7269363,13.544477,76.33283
46,N287K,287,N,K,-0.3945236206054687,0.7238948345184326,2.1517059803009038,2.333391658531253,1.4973627312775155,1.6970136029627858,1.8425893309238512,2,0.9695942309762136,0.50890607,25.03288,88.2581
47,A248R,248,A,R,-0.7503247261047363,0.1716425418853759,4.157780170440674,2.2284542121536264,1.2278175466899033,2.0612474242923797,1.839173061045303,2,0.9534495748573889,0.7269363,13.544477,76.33283
48,K290S,290,K,S,3.3984856605529785,0.1681745052337646,-2.940863847732544,3.45207482701911,1.2261248555197894,0.7723787225732536,1.8168594683707175,2,0.8784307394252502,0.6982786,24.93946,88.836
49,D164E,164,D,E,0.1436600685119629,0.5847220420837402,1.2134617567062378,2.4921197263904737,1.42943479955717,1.5266608410459934,1.8160717889978788,3,0.9645355720589818,0.36926356,41.21919,94.04358
50,T271I,271,T,I,0.1072454452514648,1.8558671474456787,-2.165731906890869,2.481379856511773,2.0498596427548494,0.9131159247341153,1.8147851413335792,2,0.9258960284145948,0.08245636,34.221794,92.127075
51,N322E,322,N,E,-1.3584284782409668,1.6568603515625,0.6914305686950684,2.0491044184190472,1.9527277263353326,1.431877998319081,1.81123671435782,2,0.9688946292110644,0.30129534,35.666286,74.00964
52,V314Q,314,V,Q,1.2615461349487305,0.8120265007019043,-1.3131585121154783,2.821821088583811,1.5403783358233565,1.0679138215762798,1.8100377486611492,2,0.9367667635346034,0.35399806,36.62835,90.363846
53,D220E,220,D,E,2.377281188964844,-0.4438087940216064,0.1984329223632812,3.150888046479181,0.9274259572755943,1.342366644495516,1.8068935494167635,2,0.9162092347433001,0.63289285,22.470814,73.23501
54,M191L,191,M,L,-3.150976657867432,1.65022075176239,3.3155617713928223,1.5204230130734675,1.9494870477947772,1.9083296372099796,1.7927465660260749,2,0.9654504359057152,0.01263464,29.47325,86.20072
55,S258A,258,S,A,-0.1679754257202148,0.4531362056732178,1.684378147125244,2.4002081711425896,1.3652099352378533,1.6121630010618713,1.7925270358141046,2,0.9613066408352169,0.18439586,19.957052,88.41481
56,S258D,258,S,D,1.2191283702850342,0.2046706676483154,-0.073244571685791,2.809310694894591,1.2439380270828562,1.2930393901431498,1.7820960373735326,2,0.941125820686686,0.18439586,19.957052,88.41481
57,T271S,271,T,S,2.2926506996154785,0.2323126792907714,-1.9827890396118164,3.1259277321329133,1.2574296345056422,0.9463320340692338,1.7765631335692629,2,0.9054461306640835,0.08245636,34.221794,92.127075
58,V257S,257,V,S,-1.59977388381958,1.275196552276611,1.532764911651611,1.9779237217743473,1.766443956034573,1.5846352713337613,1.776334316380894,2,0.9694327844150253,0.44014862,18.390331,84.024414
59,S319A,319,S,A,0.4369440078735351,0.3916654586791992,0.5934114456176758,2.5786188046240497,1.3352070831605138,1.4140811092821073,1.7759689990222236,3,0.9546873318264987,0.49458563,40.135643,87.13188
60,M251L,251,M,L,1.2193398475646973,-0.4475445747375488,1.4929386377334597,2.809373066498703,0.9256025846683816,1.5774041948312931,1.7707932819994594,2,0.9257883973738027,0.24797937,17.99024,83.84087
61,L168N,168,L,N,1.3413448333740234,0.1794397830963134,-0.4602327346801758,2.845356348895209,1.2316232508028835,1.222775698944898,1.7665850995476635,2,0.9354213755247014,0.6115912,38.919323,91.139275
62,T271G,271,T,G,3.286595344543457,0.1080176830291748,-3.491454124450684,3.41907469336312,1.1967633083399132,0.6724105352242133,1.7627495123090824,2,0.8614250349800883,0.08245636,34.221794,92.127075
63,S272T,272,S,T,0.0654447078704834,0.6026201248168945,0.2145848274230957,2.469051444458902,1.4381705568884264,1.345299272875167,1.7508404247408318,3,0.9557098267140244,0.35310957,37.38765,94.39794
64,S258H,258,S,H,2.7614998817443848,-1.01416015625,0.0640115737915039,3.264206773845861,0.6490469170027862,1.3179603679484038,1.7437380195990169,2,0.8838661069852546,0.18439586,19.957052,88.41481
65,H321F,321,H,F,-0.1529808044433593,0.4376723766326904,0.3585720062255859,2.4046305780487875,1.3576622967603615,1.371442373970568,1.7112450829265722,2,0.9509740609191691,0.22278701,34.81046,81.971565
66,V158S,158,V,S,-3.541611433029175,2.5149426460266118,0.2642045021057129,1.4052119720221747,2.371543462436536,1.3543084928789006,1.7103546424458704,2,0.9507587988375846,0.7286779,46.749493,90.33846
67,T152R,152,T,R,2.407780885696411,0.1042420864105224,-2.985513210296631,3.1598834100146926,1.194920502250959,0.7642719396703167,1.7063586173119896,2,0.8745560219567322,0.26464173,40.382706,91.235664
68,E206A,206,E,A,0.9461116790771484,0.1813216209411621,-0.9601802825927734,2.728789094621251,1.232541744643507,1.1320024829115076,1.6977777740587552,2,0.9253040576902379,0.4577348,32.19459,86.31062
69,N322S,322,N,S,-0.9333524703979492,0.5509309768676758,1.0357599258422852,2.1744733115731294,1.4129419410709705,1.494396322998267,1.6939371918807888,2,0.9581853406522441,0.30129534,35.666286,74.00964
70,D190E,190,D,E,-2.152486085891724,0.8813332319259644,1.7118369340896606,1.8149107176808998,1.5742058018387235,1.6171485688710199,1.6687550294635478,2,0.960768485631256,0.33471683,31.46841,89.27673
71,E128V,128,E,V,-3.60719633102417,2.2176218032836914,0.3834223747253418,1.3858688288723677,2.2264260903441855,1.3759543430316343,1.6627497540827292,2,0.9506511677967926,0.0036375076,20.82259,85.7495
72,N287R,287,N,R,-2.364588737487793,0.6664364337921143,2.5135838985443115,1.752354670821004,1.4693182388661907,1.7627181405439265,1.6614636834103738,2,0.9582929716930363,0.50890607,25.03288,88.2581
73,H224S,224,H,S,0.6247134208679199,1.6773858070373535,-5.08015251159668,2.633998179232252,1.962745860725207,0.38395775150636335,1.6602339304879408,2,0.8470562910343343,0.4308858,24.589159,86.29032
74,H321W,321,H,W,-5.083250999450684,2.5373456478118896,1.8252344131469729,0.9505317677322613,2.382477996040259,1.6377376364783898,1.6569158000836366,2,0.938488860187278,0.22278701,34.81046,81.971565
75,L97I,97,L,I,-4.851912975311279,2.027169704437256,2.7407031059265137,1.018760958502116,2.13346957966335,1.8039551482322636,1.6520618954659099,2,0.9436013346249057,0.3945041,9.627447,81.20521
76,K290N,290,K,N,0.6922969818115234,0.8925775289535522,-3.221344232559204,2.6539307938107726,1.5796939567242534,0.7214531671398867,1.6516926392249711,2,0.8872564847702078,0.6982786,24.93946,88.836
77,R278K,278,R,K,0.392404556274414,-0.1676135063171386,0.0667929649353027,2.5654826556868136,1.0622322963341009,1.318465372563835,1.648726774861583,2,0.9259498439349908,0.33071893,35.383656,91.34174
78,S272R,272,S,R,0.398489236831665,-0.8600993156433105,1.913890361785889,2.5672772280752425,0.7242414581083764,1.6538344962630733,1.648451060815564,2,0.9036164029706167,0.35310957,37.38765,94.39794
79,N99T,99,N,T,-2.9489855766296387,1.2698705196380615,1.596082091331482,1.5799968253200773,1.7638444078392495,1.5961314853940225,1.6466575728511164,2,0.9595845441825422,0.60774463,9.358122,81.43704
80,C72R,72,C,R,-3.9023690223693848,1.564246654510498,2.3377652168273926,1.2988126955680213,1.907524516859822,1.7307955373731918,1.6457109166003452,2,0.9538800990205575,0.17676815,15.240677,95.62821
81,G291P,291,G,P,-3.5933120250701904,1.7701399326324463,1.051621913909912,1.389963767277609,2.0080176110435057,1.4972763124603485,1.631752563593821,2,0.9538800990205575,0.52708805,27.531158,93.49901
82,I79T,79,I,T,-4.326374053955078,1.9307941198349,1.7492271661758425,1.173759668530816,2.0864302552677483,1.6239373442712963,1.6280424226899537,2,0.9487676245829296,0.40332985,14.217018,93.908295
83,S319E,319,S,E,-1.2538337707519531,0.5656248331069946,0.0272181034088134,2.0799528372093996,1.4201137685946685,1.3112799438726965,1.6037821832255883,2,0.9461844796039177,0.49458563,40.135643,87.13188
84,H3Q,3,H,Q,-3.308717727661133,1.1385858058929443,1.6599721908569336,1.4738999843442608,1.699766516498611,1.6077317219205,1.5937994075877906,2,0.9543644387041224,0.6270652,25.373266,75.258194
85,H3T,3,H,T,-5.163912296295166,2.1473708152771,1.9496278762817385,0.9267420987808671,2.192137748254349,1.6603231952023374,1.593067680745851,2,0.9363362393714346,0.6270652,25.373266,75.258194
86,V293Q,293,V,Q,-1.1310343742370603,0.091949462890625,0.9122541546821594,2.1161704174468308,1.1889206765916778,1.471971938492938,1.5923543441771486,2,0.9397266171563879,0.43770897,22.814373,91.22049
87,H3P,3,H,P,-4.938356399536133,1.9132091999053955,2.1282191276550293,0.9932659500434854,2.077847347506954,1.6927492013109129,1.5879541662871173,2,0.9401571413195565,0.6270652,25.373266,75.258194
88,E15D,15,E,D,-1.8775367736816408,0.4916367530822754,0.9451266527175904,1.8960023114411957,1.3840014138727712,1.4779404493460984,1.5859813915533552,2,0.9491981487460984,0.58978677,11.198222,90.954384
89,V314T,314,V,T,0.1993384361267089,0.1450152397155761,-1.668753147125244,2.508541107959166,1.2148212021311353,1.0033501113254215,1.5755708071385743,2,0.9063071789904208,0.35399806,36.62835,90.363846
90,A130E,130,A,E,-3.2350759506225586,1.0811731815338137,1.3373794555664062,1.4956193660710115,1.671744366772881,1.549160017401512,1.572174583415135,2,0.9526423420514476,0.3221303,21.685604,92.772675
91,G291A,291,G,A,-3.889682531356812,1.0196380615234375,2.548374891281128,1.3025543589574142,1.641710095293924,1.7690349838065866,1.571099812685975,2,0.9480142072973846,0.52708805,27.531158,93.49901
92,W169S,169,W,S,-4.299942493438721,2.183901786804199,0.0527050495147705,1.181555204917557,2.2099679095679194,1.3159074934517814,1.5691435359790862,2,0.9370358411365838,0.43517908,36.28654,93.936806
93,D20A,20,D,A,-8.037537574768066,4.0233025550842285,1.1551895141601562,0.07921550623136227,3.1077489169635206,1.516080613413173,1.567681678869352,2,0.8505004843396836,0.0,8.660507,94.871185
94,H256D,256,H,D,-3.9123730659484863,1.606084227561951,0.9209070205688475,1.295862174137886,1.9279447423641543,1.4735430002327539,1.5657833055782646,2,0.9470455279302551,0.3122489,15.799537,78.443
95,T271V,271,T,V,0.3800396919250488,0.3310880661010742,-2.6646652221679688,2.5618358505769545,1.3056402625567354,0.8225268583350509,1.5633343238229136,2,0.8876331934129803,0.08245636,34.221794,92.127075
96,K196E,196,K,E,-1.9696190357208248,0.0963685512542724,1.604214429855347,1.8688442242803693,1.1910775603286543,1.5976080373338521,1.5525099406476253,2,0.9395651705951996,0.5009024,34.801666,91.52444
97,V257R,257,V,R,-4.713271141052246,0.9729452133178712,3.4143142700195312,1.0596509946020263,1.6189200905146168,1.9262596819298838,1.5349435890155092,2,0.9354751910450974,0.44014862,18.390331,84.024414
98,V257T,257,V,T,-2.168639659881592,0.4291591644287109,0.5967860221862793,1.8101464975079742,1.3535071390805005,1.4146938158933549,1.5261158174939429,2,0.9425250242169841,0.44014862,18.390331,84.024414
99,D187A,187,D,A,-3.716466188430786,1.1982923746109009,1.0361735820770264,1.3536415546310254,1.7289083024193947,1.494471428690687,1.5256737619137024,2,0.9464535572058983,0.61174977,33.6156,92.680046
100,K182R,182,K,R,-2.320940494537353,0.3862552642822265,0.681999683380127,1.765227973020732,1.332566457006779,1.430165675109069,1.5093200350455265,2,0.9408029275643095,0.38462803,32.045216,93.7883
101,N287A,287,N,A,-3.002965450286865,0.4860103130340576,1.3954718112945557,1.5640763854736983,1.3812552418032318,1.5597075837980607,1.501679737024997,2,0.9428479173393608,0.50890607,25.03288,88.2581
102,N287Q,287,N,Q,-4.111881732940674,1.0088722705841064,1.7194278240203855,1.2370205074854268,1.6364554912937523,1.6185268124376588,1.4973342704056127,2,0.9414487138090625,0.50890607,25.03288,88.2581
103,D187S,187,D,S,-4.016812324523926,0.8916820287704468,1.8773996829986568,1.2650596023440168,1.579256877937305,1.6472090486884459,1.497175176323256,2,0.9420406845334194,0.61174977,33.6156,92.680046
104,G291S,291,G,S,-2.844388961791992,0.4660146236419678,0.979625940322876,1.6108458066502642,1.3714956774518554,1.4842043290268128,1.4888486043763107,2,0.9416639758906468,0.52708805,27.531158,93.49901
105,A318P,318,A,P,1.4038686752319336,0.2087106704711914,-5.23798942565918,2.8637966859286785,1.2459098854547508,0.3553000165938527,1.4883355293257605,2,0.8170810461737165,0.30053988,39.378887,90.34705
106,T152K,152,T,K,0.220430850982666,0.571458101272583,-4.438560962677002,2.514761954715153,1.4229608900379238,0.5004486284362466,1.479390491063108,2,0.8470562910343343,0.26464173,40.382706,91.235664
107,V257K,257,V,K,-5.009803771972656,1.3058099746704102,2.0611681938171387,0.9721937703959284,1.7813858597624004,1.68057506638832,1.4780515655155497,2,0.9328920460660854,0.44014862,18.390331,84.024414
108,R194K,194,R,K,0.0643773078918457,0.578464150428772,-4.2595086097717285,2.4687366331042138,1.4263804264313917,0.5329583546653642,1.47602513806699,2,0.8524378430739424,0.15909767,30.741863,89.071175
109,L87Q,87,L,Q,-4.053877830505371,0.5681478977203369,2.428597450256348,1.2541277657469112,1.4213452345858504,1.747287535348314,1.474253511893692,2,0.9365515014530189,0.51492524,9.342336,86.559135
110,H138R,138,H,R,-5.4758710861206055,1.2635748386383057,2.8442163467407227,0.8347351930310939,1.7607715903610404,1.822749579388044,1.472752120926726,2,0.9228285437520181,0.11037636,25.43474,92.97549
111,K207R,207,K,R,-2.6865382194519043,0.5783121585845947,0.0291950702667236,1.6574011814199348,1.4263062417331278,1.3116388928073062,1.4651154386534564,2,0.9374663652997525,0.53183913,29.45143,88.803276
112,V293E,293,V,E,-3.592391967773437,0.9789086580276488,0.1377351284027099,1.3902351224301088,1.6218307489700325,1.3313460204581793,1.4478039639527733,2,0.9359595307286622,0.43770897,22.814373,91.22049
113,E95Q,95,E,Q,-5.0774030685424805,1.3033101558685305,1.5108466148376465,0.952256514863776,1.7801657396662471,1.5806556652729156,1.437692639934313,2,0.9283715423528145,0.39565736,12.088608,86.75537
114,L87R,87,L,R,-3.601853847503662,0.5113916397094727,1.008455753326416,1.3874445029478317,1.3936434463884666,1.489438827835536,1.4235089257239448,2,0.9344526961575719,0.51492524,9.342336,86.559135
115,W276A,276,W,A,-7.039846420288086,2.8616437911987305,0.2705106735229492,0.373467436330805,2.540762541141654,1.3554534759132018,1.4232278177952205,2,0.8754708858034658,0.024342865,36.639072,87.564865
116,E128T,128,E,T,-6.481797218322754,2.193410873413086,0.920584201812744,0.5380544971976934,2.2146091370276215,1.4734843874906576,1.4087160072386575,2,0.896620385319126,0.0036375076,20.82259,85.7495
117,H224T,224,H,T,0.1399335861206054,1.219599723815918,-7.438999176025391,2.491020664189496,1.7393080661707698,-0.044327373110874105,1.3953337857497974,2,0.7891507910881499,0.4308858,24.589159,86.29032
118,L97V,97,L,V,-5.506463050842285,1.701095700263977,0.1712355613708496,0.8257126166311055,1.9743182663658463,1.3374285426182053,1.3791531418717191,2,0.9116349155096329,0.3945041,9.627447,81.20521
119,W169H,169,W,H,-4.85452938079834,1.2498972415924072,0.2838473320007324,1.0179892944846158,1.7540957820943623,1.3578749526985605,1.376653343092513,2,0.9225594661500377,0.43517908,36.28654,93.936806
120,R160L,160,R,L,-5.279884338378906,1.1396034955978394,1.0247983932495115,0.8925381298797886,1.7002632339645558,1.4924060870820088,1.3617358169754512,2,0.9192229038854806,0.4815511,43.74623,84.60789
121,T37A,37,T,A,-6.442681312561035,2.1127078533172607,0.2454781532287597,0.5495910641165139,2.175219331428461,1.3509084343743203,1.3585729433064317,2,0.8905930470347648,0.62197655,16.353624,92.98786
122,T64S,64,T,S,-5.512382507324219,1.128026008605957,1.2775566577911377,0.82396677425581,1.694612454583616,1.538298262465721,1.3522924971017156,2,0.9152943708965665,0.5001007,11.114031,80.69131
123,Q147A,147,Q,A,-5.531661033630371,0.934038519859314,1.8190761804580688,0.8182809028821032,1.5999303787291221,1.6366195140101674,1.351610265207131,2,0.9147562156926057,0.46304297,31.371567,90.1376
124,C72S,72,C,S,-6.385501384735107,1.4876883029937744,1.6942203044891355,0.566455305169644,1.8701576552522232,1.613949997078468,1.3501876525001117,2,0.8990420837369498,0.17676815,15.240677,95.62821
125,D282A,282,D,A,0.159031867980957,0.2797346115112304,-5.712634086608887,2.4966533755488753,1.2805754931003082,0.2691209313530641,1.348783266667416,2,0.8054030782477667,0.37130833,31.900766,92.39563
126,H3S,3,H,S,-5.014096260070801,1.0699777603149414,0.5467734336853027,0.9709277744991658,1.66628006735895,1.405613256303968,1.3476070327206946,2,0.9204068453341945,0.6270652,25.373266,75.258194
127,C72H,72,C,H,-5.451210975646973,0.954209804534912,1.3953611850738523,0.8420082705468649,1.6097756482260221,1.559687497895304,1.337157138889397,2,0.9139489828866645,0.17676815,15.240677,95.62821
128,D187E,187,D,E,-4.4995880126953125,0.5007109642028809,0.9682838916778564,1.1226731760319975,1.3884303858193228,1.4821450045312448,1.3310828554608551,2,0.9206759229361747,0.61174977,33.6156,92.680046
129,N322D,322,N,D,-3.6263856887817374,0.231454849243164,0.2466945648193359,1.3802092562359078,1.257010941887048,1.3511292927274774,1.3294498302834779,2,0.9168012054676568,0.30129534,35.666286,74.00964
130,D41E,41,D,E,-4.575064659118652,0.4323490858078003,1.1292548179626465,1.100412630984791,1.3550640867988106,1.5113717678742238,1.3222828285526085,2,0.918846195242708,0.40130118,16.711483,96.89858
131,C113G,113,C,G,-6.724216938018799,1.9905383586883545,0.3865242004394531,0.4665569499914066,2.115590427356886,1.3765175275033266,1.319554968283873,2,0.8837584759444624,0.0,10.842589,95.337006
132,M251I,251,M,I,-4.966416835784912,0.2498784065246582,2.1578264236450195,0.9849900046383773,1.266003174630028,1.6981248641905191,1.3163726811529748,2,0.9105047895813153,0.24797937,17.99024,83.84087
133,T64A,64,T,A,-5.583926677703857,1.2868919372558594,0.3379089832305908,0.8028660457116696,1.772152279467735,1.367690682301994,1.3142363358271327,2,0.9072220428371542,0.5001007,11.114031,80.69131
134,H3V,3,H,V,-7.766934394836426,2.053262948989868,1.8102822303771973,0.1590252826620601,2.1462052595568455,1.635022836251049,1.3134177928233182,2,0.8600258314497902,0.6270652,25.373266,75.258194
135,K196A,196,K,A,-4.7683587074279785,0.3120173215866089,1.5861966609954834,1.0434038597469626,1.2963321484593435,1.5943366324995154,1.3113575469019405,2,0.9148638467333979,0.5009024,34.801666,91.52444
136,R238V,238,R,V,-5.231052398681641,0.5878468751907349,1.5606123208999634,0.9069402747137872,1.4309599787693998,1.5896913995340596,1.3091972176724156,2,0.9145947691314175,0.51857823,9.839837,71.315506
137,Q304E,304,Q,E,-5.546621322631836,0.7878661155700684,1.2252519130706787,0.81386862169292,1.5285860525554704,1.5288015264343011,1.2904187335608972,2,0.908997955010225,0.17554785,27.389578,92.79769
138,G291K,291,G,K,-5.675792217254639,0.6862905025482178,1.666522979736328,0.775771877139499,1.4790086805340081,1.6089211190415003,1.2879005589050025,2,0.9066300721127973,0.52708805,27.531158,93.49901
139,W169L,169,W,L,-6.943498611450195,1.8419764041900637,0.5722734928131104,0.40188357351323634,2.043079801358371,1.4102431867551468,1.2850688538755846,2,0.876977720374556,0.43517908,36.28654,93.936806
140,H3N,3,H,N,-4.221552848815918,0.1012649536132812,0.7845628261566162,1.2046748889264745,1.1934674131102185,1.4487876012594925,1.2823099677653953,2,0.9099666343773544,0.6270652,25.373266,75.258194
141,H3R,3,H,R,-6.202560901641846,1.2243890762329102,0.9528264999389648,0.6204104695527286,1.7416456696511253,1.4793384757954093,1.280464871666421,2,0.8971047250026908,0.6270652,25.373266,75.258194
142,H3I,3,H,I,-6.597748756408691,1.2683453559875488,1.4477028846740725,0.503856575599832,1.7631000007572188,1.5691909436571705,1.2787158400047405,2,0.8888171348616941,0.6270652,25.373266,75.258194
143,S249R,249,S,R,-5.220578193664551,0.0171055793762207,2.43062162399292,0.9100294622130414,1.1523906183804966,1.7476550554224621,1.2700250453386668,2,0.8973738026046711,0.42032632,13.651392,77.29747
144,V257Q,257,V,Q,-4.952470779418945,0.6608972549438477,0.2274069786071777,0.9891031552707493,1.4666146575410663,1.3476273328972734,1.267781715236363,2,0.9105586051017114,0.44014862,18.390331,84.024414
145,W169R,169,W,R,-8.496919631958008,2.860947132110596,0.0337941646575927,-0.05627136901476403,2.5404225133952587,1.3124739295835508,1.2655416913213486,2,0.8204176084382736,0.43517908,36.28654,93.936806
146,A318E,318,A,E,-4.0964860916137695,0.1726870536804199,0.0511775016784668,1.2415611883917554,1.2283273555731888,1.315630143497121,1.261839562487355,2,0.9066300721127973,0.30053988,39.378887,90.34705
147,S162A,162,S,A,-5.268468379974365,0.803498387336731,0.2267944812774658,0.895905071422156,1.5362159051338617,1.3475161245261913,1.2598790336940697,2,0.9065224410720051,0.51354724,40.968662,94.10081
148,I163L,163,I,L,-8.48239517211914,2.0664682388305664,1.8485231399536133,-0.05198762817768491,2.152650542510173,1.6419660653173513,1.247542993216613,2,0.8327413626089765,0.070685215,39.206642,94.775345
149,D190V,190,D,V,-5.020202159881592,0.3817818164825439,0.7176216840744019,0.9691269438550818,1.3303830413306585,1.4366334007296142,1.2453811286384517,2,0.9061995479496288,0.33471683,31.46841,89.27673
150,H3A,3,H,A,-7.060941219329834,1.3595037460327148,1.2503108978271484,0.3672458864000255,1.8075928990198615,1.5333513730059543,1.2360633861419472,2,0.8744483909159402,0.6270652,25.373266,75.258194
151,M144L,144,M,L,-5.876022338867188,0.9783785343170166,0.2764010429382324,0.716717429794771,1.6215720043793032,1.356522963657831,1.231604132610635,2,0.8950597352276398,0.38508338,28.53724,90.6896
152,N99V,99,N,V,-7.714526653289795,1.2609059810638428,2.254096031188965,0.17448204905013806,1.7594689652436022,1.7156041016015684,1.216518371965103,2,0.8559896674200839,0.60774463,9.358122,81.43704
153,Q139A,139,Q,A,-5.743117332458496,0.2295870780944824,1.7300653457641602,0.7559154867085063,1.2560993137675187,1.6204582191689032,1.2108243398816427,2,0.8903777849531805,0.21771704,23.885752,83.81938
154,G291R,291,G,R,-5.752284049987793,0.7085785865783691,0.4151453971862793,0.7532119202655645,1.4898871246874361,1.3817141488014633,1.2082710645848211,2,0.8958131525131847,0.52708805,27.531158,93.49901
155,D41A,41,D,A,-5.806876659393311,0.3858319520950317,1.3690948486328125,0.7371107644974634,1.3323598453491043,1.554918437936668,1.208129682594412,2,0.8924227747282316,0.40130118,16.711483,96.89858
156,A248E,248,A,E,-6.05633544921875,0.5031498670578003,1.42448091506958,0.6635371640332333,1.3896207738520934,1.5649746356215966,1.2060441911689743,2,0.889947260790012,0.7269363,13.544477,76.33283
157,E42A,42,E,A,-6.059117317199707,0.570753812789917,1.2382287979125977,0.6627166996851204,1.4226171385105957,1.531157680747117,1.2054971729809443,2,0.8911312022387256,0.36218998,16.133842,94.353935
158,L87K,87,L,K,-6.767292022705078,1.0764265060424805,1.029141902923584,0.45385269101184184,1.6694275931921168,1.493194718496712,1.20549166756689,2,0.8792917877515875,0.51492524,9.342336,86.559135
159,L87D,87,L,D,-8.345527648925781,2.0262012481689453,1.0325918197631836,-0.011620894758495951,2.132996892221235,1.4938211043003542,1.2050657005876977,2,0.8334947798945217,0.51492524,9.342336,86.559135
160,K32R,32,K,R,-5.522073268890381,0.2531757354736328,1.1046756505966189,0.8211086499934345,1.2676125462017782,1.5069090395769198,1.1985434119240441,2,0.8937143472177377,0.5434293,9.73883,91.85153
161,T30S,30,T,S,-5.911559104919434,0.3971514701843261,0.9899652004241944,0.7062364688747399,1.337884714387265,1.4860815817400643,1.1767342550006896,2,0.8880099020557529,0.38453808,10.847882,90.912476
162,R238I,238,R,I,-6.066816329956055,0.2915019989013672,1.3969680070877075,0.6604460076445596,1.28631895971602,1.5599792413039872,1.1689147362215222,2,0.8824669034549565,0.51857823,9.839837,71.315506
163,Q159E,159,Q,E,-7.351273059844971,1.1401684284210205,1.0593571662902832,0.28161747919476066,1.7005389683057894,1.4986807672643132,1.1602790715882878,2,0.8621784522656334,0.40046325,42.964115,93.67568
164,I79R,79,I,R,-8.59468936920166,1.88874089717865,0.915135622024536,-0.08510687964355687,2.0659047747679966,1.4724951134913047,1.1510976695385815,2,0.8210095791626305,0.40332985,14.217018,93.908295
165,H3L,3,H,L,-6.7746901512146,0.7750632762908936,0.9262204170227052,0.45167073963011883,1.5223371990463304,1.4745077296052467,1.1495052227605653,2,0.8726724787428695,0.6270652,25.373266,75.258194
166,F316Y,316,F,Y,-5.695505142211914,0.4107832908630371,0.0900897979736328,0.7699578873185638,1.3445381799683482,1.3226952732146366,1.1457304468338496,2,0.8852653105155527,0.105071515,36.87112,95.580795
167,D164Q,164,D,Q,-5.057724952697754,0.0420694351196289,0.0079524517059326,0.958060238332738,1.1645750623278328,1.307781966592177,1.1434724224175827,2,0.8848347863523841,0.36926356,41.21919,94.04358
168,Q93K,93,Q,K,-7.319035530090332,1.2592828273773191,0.3739633560180664,0.29112538683666506,1.75867673085022,1.374236911768766,1.1413463431518838,2,0.8581422882359272,0.5408788,11.823603,87.57849
169,K51N,51,K,N,-6.869844436645508,1.0386110544204712,0.0891890525817871,0.42360661174890907,1.6509704984481188,1.3225317289460699,1.1323696130476992,2,0.865837907652567,0.73879266,21.631304,89.11326
170,W169M,169,W,M,-6.643045425415039,0.8439817428588867,0.1464631557464599,0.4904970983484369,1.5559751595226812,1.3329307289239525,1.1264676622650234,2,0.8707351200086104,0.43517908,36.28654,93.936806
171,K38A,38,K,A,-8.966724395751953,1.551114559173584,1.8536794185638428,-0.1948322431846223,1.9011149589298153,1.6429022675132996,1.1163949944194975,2,0.8084167473899472,0.63617533,17.392002,95.57641
172,Q115D,115,Q,D,-8.849925994873047,2.100611925125122,0.1304426193237304,-0.16038455390039677,2.1693155094963448,1.330021952553825,1.112984302716591,2,0.8037886126358842,0.3616576,15.05833,90.04131
173,H3K,3,H,K,-8.024469375610352,1.1737055778503418,1.249204158782959,0.08306974790506517,1.7169078947078302,1.5331504274012198,1.111042690004705,2,0.8386610698525455,0.6270652,25.373266,75.258194
174,E122T,122,E,T,-6.310337543487549,0.3476612567901611,0.6793371438980103,0.5886235936840493,1.3137293620554384,1.4296822498525261,1.1106784018640046,2,0.8726186632224734,0.43435267,14.578735,82.889885
175,E95K,95,E,K,-8.246833801269531,1.3977351188659668,0.945998191833496,0.01748716641994427,1.8262529980087558,1.478098690763183,1.1072796183972944,2,0.8310192659563018,0.39565736,12.088608,86.75537
176,V136R,136,V,R,-8.901618003845215,1.0841808319091797,2.8169565200805664,-0.17563022721570865,1.6732123510373516,1.817800135901849,1.1051274199078307,2,0.8075556990636099,0.36936864,20.017801,90.68956
177,I79E,79,I,E,-10.194934844970703,2.207390308380127,1.8180643320083616,-0.5570718938301094,2.2214322673774403,1.6364357972616768,1.1002653902696693,2,0.7636422344204069,0.40332985,14.217018,93.908295
178,N99I,99,N,I,-7.263260841369629,0.8367471694946289,0.5420312881469727,0.3075751766669826,1.5524440842534706,1.404752246377607,1.0882571690993534,2,0.8560972984608761,0.60774463,9.358122,81.43704
179,A130Q,130,A,Q,-6.3780622482299805,0.2592484951019287,0.5436441898345947,0.5686493511578014,1.2705765594558667,1.4050450936451702,1.0814236680862794,2,0.8663222473361317,0.3221303,21.685604,92.772675
180,S249K,249,S,K,-6.170200824737549,0.1311397552490234,0.5466907024383545,0.6299545203789774,1.2080488082965215,1.4055982351654839,1.0812005212803275,2,0.8686363147131632,0.42032632,13.651392,77.29747
181,H3E,3,H,E,-9.837364196777344,1.6398227214813232,2.3950657844543457,-0.4516125511213472,1.9444119416723658,1.7411993423838459,1.077999577644955,2,0.7741362608976429,0.6270652,25.373266,75.258194
182,C72T,72,C,T,-8.264947891235352,1.362044334411621,0.414804458618164,0.0121447256149882,1.8088329180703726,1.3816522461270189,1.0675432966041265,2,0.8249381121515444,0.17676815,15.240677,95.62821
183,R29E,29,R,E,-8.940214157104492,1.8970277309417725,0.025789737701416,-0.1870135020297224,2.0699494408855026,1.3110206019687836,1.0646521802748545,2,0.7974921967495426,0.3138874,13.482046,87.78465
184,C72K,72,C,K,-9.23005485534668,1.4854347705841064,1.5524625778198242,-0.2724970552276927,1.869057743459296,1.5882116875276324,1.0615907919197454,2,0.7942094500053815,0.17676815,15.240677,95.62821
185,I79K,79,I,K,-8.061917304992676,1.1844003200531006,0.4027040004730224,0.07202512207121185,1.7221278209980682,1.3794552206472501,1.0578693879055099,2,0.830481110752341,0.40332985,14.217018,93.908295
186,A34E,34,A,E,-6.575494289398193,0.312476634979248,0.2126495838165283,0.5104201497497769,1.2965563317082933,1.3449478994426747,1.0506414603002483,2,0.8589495210418686,0.37739545,11.751776,97.13657
187,E111L,111,E,L,-7.070925235748291,0.2205183506011963,1.0265560150146484,0.36430127163814885,1.2516730182885123,1.4927252105197732,1.036233166815478,2,0.8480787859218598,0.18024981,9.82547,87.5108
188,N287E,287,N,E,-6.977778911590576,0.5256564617156982,0.0278403759002685,0.39177318570895353,1.4006058694187904,1.3113929270757032,1.0345906607344824,2,0.850769561941664,0.50890607,25.03288,88.2581
189,T30H,30,T,H,-10.116994857788086,1.3237261772155762,2.9495973587036133,-0.5340848285870936,1.7901304610733715,1.8418831333071783,1.0326429219311521,2,0.7622968464105048,0.38453808,10.847882,90.912476
190,K51D,51,K,D,-6.895064830780029,0.4251155853271484,0.1244111061096191,0.41616828815685547,1.3515335351862936,1.3289268379677477,1.0322095537702989,2,0.8517382413087935,0.73879266,21.631304,89.11326
191,L97R,97,L,R,-6.752005100250244,0.2335677146911621,0.2014813423156738,0.45836130714762385,1.2580421964690327,1.3429201323244981,1.0197745453137184,2,0.8500699601765148,0.3945041,9.627447,81.20521
192,L149K,149,L,K,-7.381349086761475,0.4385366439819336,0.6294858455657959,0.2727470698199107,1.3580841313191174,1.4206309749898958,1.0171540587096413,2,0.8431277580454203,0.38016555,36.39378,89.84205
193,I79S,79,I,S,-8.99537181854248,0.9880049228668212,1.5413107872009275,-0.20328131022369123,1.626270484970842,1.5861869073217194,1.0030586940229567,2,0.7983532450758798,0.40332985,14.217018,93.908295
194,I79A,79,I,A,-7.466126441955566,0.1880898475646972,0.9967567920684814,0.24774343990641318,1.2358452038032206,1.4873147003304272,0.9903011146800204,2,0.8352168765471962,0.40332985,14.217018,93.908295
195,G291H,291,G,H,-7.617399215698242,0.2945773601531982,0.4826748371124267,0.2031281243897797,1.2878199925362661,1.3939751639111957,0.9616410936124139,2,0.8278441502529329,0.52708805,27.531158,93.49901
196,Q115T,115,Q,T,-7.918087482452393,0.3701772689819336,0.6363353729248047,0.11444526652001973,1.324719054164224,1.421874612706056,0.9536796444634333,2,0.8213324722850069,0.3616576,15.05833,90.04131
197,K38E,38,K,E,-10.667263984680176,1.8828706741333008,0.8241806030273438,-0.6963772894704698,2.0630396162608498,1.455980821895666,0.9408810495620153,2,0.7357657948552362,0.63617533,17.392002,95.57641
198,D41Q,41,D,Q,-8.239713668823242,0.2356958389282226,1.29799222946167,0.019587127620839393,1.2590808986128823,1.5420086568256097,0.9402255610197772,2,0.8085243784307394,0.40130118,16.711483,96.89858
199,D41K,41,D,K,-8.195197105407715,0.2649464607238769,0.895998477935791,0.03271652608006569,1.273357641971648,1.4690204687573067,0.9250315456030068,2,0.808847271553116,0.40130118,16.711483,96.89858
200,I79Q,79,I,Q,-9.552173614501951,0.6853067874908447,1.574059009552002,-0.3675004700390427,1.4785285455300283,1.5921328540007162,0.9010536431639006,2,0.7704229899903132,0.40332985,14.217018,93.908295
201,K38Q,38,K,Q,-8.633055686950684,0.4282526969909668,0.5445268154144287,-0.09642236840755511,1.3530647073584618,1.4052053479813889,0.8872825623107653,2,0.7935098482402325,0.63617533,17.392002,95.57641
202,Q93A,93,Q,A,-8.80898666381836,0.5260524749755859,0.5160236358642578,-0.14831019890012542,1.4007991569228162,1.4000301545320981,0.8841730375182629,2,0.7882897427618124,0.5408788,11.823603,87.57849
203,I79D,79,I,D,-10.562393188476562,1.3713786602020264,1.0109813213348389,-0.6654474430391234,1.8133888476730904,1.4898973838008422,0.8792795961449364,2,0.7367882897427619,0.40332985,14.217018,93.908295
204,E71D,71,E,D,-8.931543350219727,0.5413721799850464,0.3794980049133301,-0.18445619594366044,1.4082764508511303,1.3752418129467725,0.8663540226180807,2,0.7829081907222043,0.15011449,13.493444,90.35858
205,E4A,4,E,A,-8.718644142150879,0.2562651634216308,0.5834598541259766,-0.12166521838552642,1.2691204447431186,1.4122742438056715,0.853243156721088,2,0.784038316650522,0.53402406,23.124943,79.19668
206,H3M,3,H,M,-9.35688018798828,0.6970779895782471,0.3710875511169433,-0.3099020164200628,1.4842738740362065,1.373714764874258,0.8493622074968007,2,0.7689161554192229,0.6270652,25.373266,75.258194
207,M299Q,299,M,Q,-8.808847427368164,0.1545586585998535,0.9154748916625975,-0.14826913349223222,1.2194791866050334,1.4725567131456643,0.8479222554194884,2,0.7792487353352707,0.06021478,27.876247,95.46803
208,E4P,4,E,P,-11.166306495666504,1.54883873462677,0.7659620046615601,-0.8435613367580675,1.900004166714476,1.4454103341941393,0.8339510547168493,2,0.715961683349478,0.53402406,23.124943,79.19668
209,H3D,3,H,D,-8.590714454650879,0.1185760498046875,0.0020632743835449,-0.08393454662918091,1.2019166720459833,1.3067126952904655,0.8082316069024227,2,0.7784415025293295,0.6270652,25.373266,75.258194
210,T30Q,30,T,Q,-9.82175636291504,0.0044736862182617,2.155745029449463,-0.44700928765846937,1.1462252008378746,1.6977469548563244,0.7989876226785766,2,0.7384027553546443,0.38453808,10.847882,90.912476
211,V136K,136,V,K,-9.147421836853027,0.360417366027832,0.0124258995056152,-0.2481258607227423,1.319955407406367,1.3085941902849028,0.7934745789895091,2,0.76305026369605,0.36936864,20.017801,90.68956
212,T37E,37,T,E,-12.432788848876951,2.1110780239105225,0.5456123352050781,-1.2170886304457615,2.1744238387267627,1.4054024409021892,0.7875792163943968,2,0.6818964589387578,0.62197655,16.353624,92.98786
213,E95R,95,E,R,-10.267343521118164,0.2302751541137695,1.982130527496338,-0.5784275935540798,1.2564351522603654,1.6662245546403012,0.7814107044488622,2,0.7295231944892908,0.39565736,12.088608,86.75537
214,T30F,30,T,F,-10.881742477416992,0.6536991596221924,1.467036485671997,-0.7596340500112829,1.463101386599439,1.5727012581839952,0.7587228649240504,2,0.7168227316758152,0.38453808,10.847882,90.912476
215,T30Y,30,T,Y,-10.615087509155272,0.7754950523376465,0.4925963878631592,-0.6809887310372824,1.522547941773477,1.395776575026107,0.7457785952541006,2,0.721773759552255,0.38453808,10.847882,90.912476
216,R237L,237,R,L,-9.808297157287598,0.0231924057006835,0.0424959659576416,-0.4430397253187645,1.1553614973556794,1.3140538763051357,0.6754585494473502,2,0.7247336131740393,0.45570678,12.854589,73.665215
217,T37R,37,T,R,-10.90008544921875,0.2718820571899414,0.5874600410461426,-0.7650439955963374,1.2767427915755678,1.4130005396600949,0.6415664452131083,2,0.6980949305779788,0.62197655,16.353624,92.98786
218,M1G,1,M,G,-12.493186950683594,0.0269243717193603,0.2100813388824463,-1.2349020168340679,1.157183008072426,1.344481594820917,0.42225419535309167,2,0.6386287805403078,0.99692994,30.93105,75.33441
